"Task","Task 이름","Language Instruction","역할","역할에 대한 상세 설명","LIBERO 레이아웃 번호"
"T1","L90K1PutTheBlackBowlOnThePlate","put the black bowl on the plate.","Basic Pick-and-Place","집기, 운반, 놓기의 기본 조작 능력을 평가하는 기준 task. 기존 PaMQR-chunk T1과 동일.","libero-1-1"
"T2","LSPickUpTheBlackBowlOnTheCookieBoxAndPlaceItOnThePlate","Pick the akita black bowl on the cookies box and place it on the plate.","Spatial Relational Pick-and-Place","쿠키 상자 위라는 물체 간 공간 관계로 목표 그릇을 식별하고 접시에 옮긴다. 기존 T2와 동일.","libero-8-8"
"T3","L90L1PickUpTheKetchupAndPutItInTheBasket","Pick up the ketchup, and put it in the basket.","Object-Variation Pick-and-Place","그릇과 다른 형상 및 파지 특성의 케첩을 바구니에 옮겨 물체 변화 대응을 평가한다. 원본 LO task가 X7S에 없어 동일 물체·목적지의 L90L1 task로 대체. 배치와 distractor는 다를 수 있다.","libero-2-2"
"T4","L90K2OpenTheTopDrawerOfTheCabinet","Open the top drawer of the cabinet.","Single-Step Articulated Manipulation","서랍 손잡이에 접근하여 직선 관절을 여는 접촉 조작. T7의 서랍 열기 primitive이며 기존 T4와 동일.","libero-1-1"
"T5","L90K7OpenTheMicrowave","Open the microwave.","Articulated Appliance Manipulation","전자레인지의 회전식 문을 열어 서랍과 다른 관절 기하 및 손잡이 상호작용을 평가한다. 기존 T5와 동일.","libero-1-1"
"T6","LGTurnOnTheStove","Turn on the stove.","Contact / Actuation","물체 운반 없이 스토브 조작부를 접촉하여 켜는 정밀 접근 및 작동 task. 기존 T6와 동일.","libero-8-8"
"T7","LGOpenTheTopDrawerAndPutTheBowlInside","Open the top layer of the drawer and put the bowl inside.","Compositional Manipulation","위 서랍 열기, 그릇 집기, 운반, 내부 배치를 순서대로 연결하여 action chunk와 critic의 시간 의존성 평가. 기존 T7과 동일.","libero-8-8"
"T8","L90K2StackTheMiddleBlackBowlOnTheBackBlackBowl","Stack the black bowl in the middle on the black bowl at the back.","Precision Stacking","여러 유사 그릇의 가운데·뒤 관계를 구분하고 정밀 적층하여 위치 정확도와 물체 상호작용을 평가한다. 기존 T8과 동일.","libero-1-1"
"T9","L10K4PutTheBlackBowlInTheBottomDrawerOfTheCabinetAndCloseIt","Put the black bowl in the bottom drawer of the cabinet and close it.","Long-Horizon Sequential Manipulation","그릇 집기, 아래 서랍 내부 배치, 서랍 닫기의 순차 의존성을 평가한다. X7S에 없는 머그 넣고 전자레인지 닫기 T9를 대체하며 회전문 대신 직선 서랍을 사용하므로 완전 동일 조건은 아니다.","libero-1-1"
"T10","L10L2PutBothTheAlphabetSoupAndTheTomatoSauceInTheBasket","Pick up the alphabet soup and the tomato sauce, and put them in the basket.","Multi-Object Sequential Manipulation","알파벳 수프와 토마토 소스를 각각 바구니에 옮기며 물체 전환과 반복적 조작 순서를 평가한다. 기존 T10과 동일.","libero-2-2"
